{
  "offset_x": -0.021999999999999992,
  "offset_y": -0.10329999999999999,
  "scale_x": 0.8989547038327526,
  "scale_y": 1.126637554585153
}