{
  "offset_x": -0.06764999999999999,
  "offset_y": -0.12865,
  "scale_x": 0.9877264757451784,
  "scale_y": 1.0125823846614739
}